[{"_id":"ObjectId","liveId":"ObjectId","statusBatalha":"String","tempoRestante":"Number","participantes":[{"usuarioId":"ObjectId","nomeExibicao":"String","pontuacao":"Number","lado":"String"}],"espectadores":{"contagemTotal":"Number","listaIds":["ObjectId"]},"chat":[{"mensagemId":"ObjectId","usuarioId":"ObjectId","nomeExibicao":"String","tipoMensagem":"String","conteudo":"String","timestamp":"ISODate"}],"notificacoesTela":[{"notificacaoId":"ObjectId","texto":"String","tipo":"String"}],"dataInicio":"ISODate","dataFim":"ISODate"}]