{
  "categories": [
    {
      "name": "Popular",
      "gifts": [
        { "name": "Coração", "price": 1, "icon": "❤️" },
        { "name": "Café", "price": 3, "icon": "☕" },
        { "name": "Milho", "price": 2, "icon": "🍿" },
        { "name": "Rosa", "price": 5, "icon": "🌷" },
        { "name": "Flor", "price": 7, "icon": "🌸" },
        { "name": "Donut", "price": 8, "icon": "🍩" },
        { "name": "Balão", "price": 9, "icon": "🎈" },
        { "name": "Batom", "price": 10, "icon": "💄" },
        { "name": "Chocolate", "price": 12, "icon": "🍫" },
        { "name": "Sorvete", "price": 15, "icon": "🍦" },
        { "name": "Lanche", "price": 20, "icon": "🍔" },
        { "name": "Perfume", "price": 25, "icon": "🧴" },
        { "name": "Pirulito", "price": 30, "icon": "🍭" },
        { "name": "Pizza", "price": 35, "icon": "🍕" },
        { "name": "Microfone", "price": 40, "icon": "🎤" },
        { "name": "Alvo", "price": 50, "icon": "🎯" },
        { "name": "Câmera", "price": 60, "icon": "📸" },
        { "name": "Óculos de Sol", "price": 80, "icon": "😎" },
        { "name": "Panda", "price": 65, "icon": "🐼" },
        { "name": "Coala", "price": 68, "icon": "🐨" },
        { "name": "Fatia de Pizza", "price": 10, "icon": "🍕" },
        { "name": "Taco", "price": 15, "icon": "🌮" },
        { "name": "Biscoito", "price": 5, "icon": "🍪" },
        { "name": "Cupcake", "price": 8, "icon": "🧁" },
        { "name": "Morango", "price": 12, "icon": "🍓" },
        { "name": "Abacate", "price": 18, "icon": "🥑" },
        { "name": "Brócolis", "price": 4, "icon": "🥦" },
        { "name": "Baguete", "price": 6, "icon": "🥖" },
        { "name": "Pretzel", "price": 7, "icon": "🥨" },
        { "name": "Queijo", "price": 11, "icon": "🧀" },
        { "name": "Waffle", "price": 14, "icon": "🧇" },
        { "name": "Panquecas", "price": 16, "icon": "🥞" },
        { "name": "Bacon", "price": 19, "icon": "🥓" },
        { "name": "Cachorro-quente", "price": 22, "icon": "🌭" },
        { "name": "Batata Frita", "price": 9, "icon": "🍟" },
        { "name": "Sanduíche", "price": 24, "icon": "🥪" },
        { "name": "Dango", "price": 13, "icon": "🍡" },
        { "name": "Onigiri", "price": 5, "icon": "🍙" },
        { "name": "Camarão Frito", "price": 28, "icon": "🍤" },
        { "name": "Sushi", "price": 33, "icon": "🍣" },
        { "name": "Taça de Sorvete", "price": 17, "icon": "🍨" },
        { "name": "Torta", "price": 21, "icon": "🥧" },
        { "name": "Doce", "price": 3, "icon": "🍬" },
        { "name": "Mel", "price": 26, "icon": "🍯" },
        { "name": "Copo de Leite", "price": 8, "icon": "🥛" },
        { "name": "Chá Verde", "price": 10, "icon": "🍵" },
        { "name": "Saquê", "price": 29, "icon": "🍶" },
        { "name": "Cerveja", "price": 15, "icon": "🍺" }
      ]
    },
    {
      "name": "Atividade",
      "gifts": [
        { "name": "Bola de Basquete", "price": 70, "icon": "🏀" },
        { "name": "Bola", "price": 75, "icon": "⚽" },
        { "name": "Túmulo", "price": 99, "icon": "🪦" },
        { "name": "Bicicleta", "price": 110, "icon": "🚲" },
        { "name": "Haltere", "price": 120, "icon": "💪" },
        { "name": "Skate", "price": 130, "icon": "🛹" },
        { "name": "Prancha de Surf", "price": 140, "icon": "🏄" },
        { "name": "Luva de Boxe", "price": 160, "icon": "🥊" },
        { "name": "Taco de Golfe", "price": 180, "icon": "🏌️" },
        { "name": "Capacete de Corrida", "price": 210, "icon": "⛑️" },
        { "name": "Bola de Tênis", "price": 85, "icon": "🎾" },
        { "name": "Boliche", "price": 95, "icon": "🎳" },
        { "name": "Bola de Rugby", "price": 105, "icon": "🏉" },
        { "name": "Voleibol", "price": 90, "icon": "🏐" },
        { "name": "Beisebol", "price": 80, "icon": "⚾" },
        { "name": "Pingue-pongue", "price": 78, "icon": "🏓" },
        { "name": "Badminton", "price": 82, "icon": "🏸" },
        { "name": "Hóquei no Gelo", "price": 150, "icon": "🏒" },
        { "name": "Hóquei de Campo", "price": 145, "icon": "🏑" },
        { "name": "Lacrosse", "price": 155, "icon": "🥍" },
        { "name": "Críquete", "price": 115, "icon": "🏏" },
        { "name": "Rede de Gol", "price": 190, "icon": "🥅" },
        { "name": "Pipa", "price": 65, "icon": "🪁" },
        { "name": "Frisbee", "price": 55, "icon": "🥏" },
        { "name": "Trenzinho", "price": 220, "icon": "🛷" },
        { "name": "Pedra de Curling", "price": 230, "icon": "🥌" },
        { "name": "Esquis", "price": 250, "icon": "🎿", "triggersAutoFollow": true },
        { "name": "Dardos", "price": 45, "icon": "🎯" },
        { "name": "Ioiô", "price": 35, "icon": "🪀" },
        { "name": "Bumerangue", "price": 40, "icon": "🪃" }
      ]
    },
    {
      "name": "Luxo",
      "gifts": [
        { "name": "Urso", "price": 500, "icon": "🧸" },
        { "name": "Boia", "price": 800, "icon": "🍩" },
        { "name": "Champanhe", "price": 1200, "icon": "🍾" },
        { "name": "Gema de Nível", "price": 1500, "icon": "💎" },
        { "name": "Relógio", "price": 2000, "icon": "⌚" },
        { "name": "Bolsa", "price": 2500, "icon": "👜" },
        { "name": "Moto", "price": 3000, "icon": "🛵" },
        { "name": "Violino", "price": 3500, "icon": "🎻" },
        { "name": "Salto Alto", "price": 4000, "icon": "👠" },
        { "name": "Piano", "price": 4500, "icon": "🎹" },
        { "name": "Colar", "price": 4800, "icon": "📿" },
        { "name": "Coroa", "price": 5000, "icon": "👑", "triggersAutoFollow": true },
        { "name": "Bolsa de Grife", "price": 6000, "icon": "👜" },
        { "name": "Diamante Azul", "price": 6000, "icon": "💠" },
        { "name": "Carro Esportivo", "price": 8888, "icon": "🏎️", "triggersAutoFollow": true },
        { "name": "Jóia Rara", "price": 12000, "icon": "💍", "triggersAutoFollow": true },
        { "name": "Barco a Vela", "price": 9000, "icon": "⛵", "triggersAutoFollow": true },
        { "name": "Navio de Cruzeiro", "price": 15000, "icon": "🛳️" },
        { "name": "Foguete Espacial", "price": 25000, "icon": "🚀" },
        { "name": "Disco Voador", "price": 30000, "icon": "🛸" },
        { "name": "Sino", "price": 1800, "icon": "🔔" },
        { "name": "Trompete", "price": 2200, "icon": "🎺" },
        { "name": "Saxofone", "price": 2800, "icon": "🎷" },
        { "name": "Acordeão", "price": 3200, "icon": "🪗" },
        { "name": "Harpa", "price": 4200, "icon": "🎻" },
        { "name": "Xadrez", "price": 1000, "icon": "♟️" },
        { "name": "Jóia", "price": 7500, "icon": "💎" },
        { "name": "Mala de Dinheiro", "price": 10000, "icon": "💰" },
        { "name": "Carta de Baralho", "price": 900, "icon": "🃏" },
        { "name": "Telescópio", "price": 5500, "icon": "🔭" },
        { "name": "Microscópio", "price": 5200, "icon": "🔬" },
        { "name": "Ampulheta", "price": 1300, "icon": "⏳" },
        { "name": "Despertador", "price": 1100, "icon": "⏰" },
        { "name": "Globo", "price": 3800, "icon": "🌍" },
        { "name": "Balão de Ar Quente", "price": 4600, "icon": "🎈" },
        { "name": "Troféu", "price": 9999, "icon": "🏆" }
      ]
    },
    {
      "name": "VIP",
      "gifts": [
        { "name": "Foguete", "price": 500, "icon": "🚀", "triggersAutoFollow": true },
        { "name": "Jato Privado", "price": 600, "icon": "✈️" },
        { "name": "Anel", "price": 750, "icon": "💍" },
        { "name": "Leão", "price": 800, "icon": "🦁" },
        { "name": "Carro", "price": 1000, "icon": "🚗" },
        { "name": "Fênix", "price": 1200, "icon": "🔥" },
        { "name": "Supercarro", "price": 1500, "icon": "🏎️" },
        { "name": "Dragão", "price": 1800, "icon": "🐉" },
        { "name": "Castelo", "price": 2000, "icon": "🏰", "triggersAutoFollow": true },
        { "name": "Universo", "price": 2500, "icon": "🌌" },
        { "name": "Helicóptero", "price": 3000, "icon": "🚁" },
        { "name": "Planeta", "price": 4000, "icon": "🪐" },
        { "name": "Iate", "price": 5000, "icon": "🛥️" },
        { "name": "Galáxia", "price": 6000, "icon": "🌠" },
        { "name": "Coroa Real", "price": 8000, "icon": "🤴" },
        { "name": "Diamante VIP", "price": 10000, "icon": "💎" },
        { "name": "Ilha Particular", "price": 15000, "icon": "🏝️" },
        { "name": "Cavalo Alado", "price": 25000, "icon": "🦄" },
        { "name": "Tigre Dourado", "price": 40000, "icon": "🐅" },
        { "name": "Nave Espacial", "price": 75000, "icon": "🛸" },
        { "name": "Estrela Cadente", "price": 22000, "icon": "🌠" },
        { "name": "Cometa", "price": 35000, "icon": "☄️" },
        { "name": "Buraco Negro", "price": 99999, "icon": "⚫" },
        { "name": "Tesouro", "price": 50000, "icon": "👑" },
        { "name": "Pégaso", "price": 60000, "icon": "🦄" },
        { "name": "Grifo", "price": 65000, "icon": "🦅" },
        { "name": "Kraken", "price": 70000, "icon": "🐙" },
        { "name": "Hidra", "price": 80000, "icon": "🐉" },
        { "name": "Sereia", "price": 45000, "icon": "🧜‍♀️" },
        { "name": "Gênio", "price": 55000, "icon": "🧞" },
        { "name": "Anjo", "price": 48000, "icon": "👼" },
        { "name": "Excalibur", "price": 42000, "icon": "🗡️" },
        { "name": "Martelo de Thor", "price": 68000, "icon": "🔨" },
        { "name": "Tridente de Poseidon", "price": 72000, "icon": "🔱" },
        { "name": "Arco de Artemis", "price": 62000, "icon": "🏹" },
        { "name": "Elmo de Hades", "price": 58000, "icon": "🎩" },
        { "name": "Sandálias de Hermes", "price": 52000, "icon": "👟" },
        { "name": "Velo de Ouro", "price": 90000, "icon": "🏆" },
        { "name": "Maçã Dourada", "price": 43000, "icon": "🍏" },
        { "name": "Caixa de Pandora", "price": 85000, "icon": "🎁" }
      ]
    },
    {
      "name": "Efeito",
      "gifts": [
        { "name": "Fogos de Artifício", "price": 2500, "icon": "🎆" },
        { "name": "Chuva de Dinheiro", "price": 5000, "icon": "💸" },
        { "name": "Chuva de Estrelas", "price": 9000, "icon": "✨" },
        { "name": "Supernova", "price": 10000, "icon": "💥" },
        { "name": "Trovão", "price": 7500, "icon": "⚡️" },
        { "name": "Nevasca", "price": 12000, "icon": "❄️" },
        { "name": "Terremoto", "price": 15000, "icon": "🌋" },
        { "name": "Vulcão em Erupção", "price": 18000, "icon": "🌋" },
        { "name": "Portal Mágico", "price": 20000, "icon": "🌀" },
        { "name": "Eclipse Solar", "price": 25000, "icon": "🌘" },
        { "name": "Chuva de Meteoros", "price": 30000, "icon": "☄️" },
        { "name": "Aurora Boreal", "price": 50000, "icon": "✨" },
        { "name": "Tsunami", "price": 40000, "icon": "🌊" },
        { "name": "Tornado", "price": 38000, "icon": "🌪️" },
        { "name": "Arco-íris Duplo", "price": 22000, "icon": "🌈" },
        { "name": "Chuva de Diamantes", "price": 60000, "icon": "💎" },
        { "name": "Explosão de Confete", "price": 19000, "icon": "🎉" },
        { "name": "Invocação de Dragão", "price": 80000, "icon": "🐲" },
        { "name": "Coração Gigante", "price": 28000, "icon": "❤️‍🔥" },
        { "name": "Beijo de Anjo", "price": 23000, "icon": "😘" },
        { "name": "Dança dos Robôs", "price": 33000, "icon": "🤖" },
        { "name": "Portal Galáctico", "price": 42000, "icon": "🌀" },
        { "name": "Ataque de Tubarão", "price": 37000, "icon": "🦈" },
        { "name": "Nuvem de Trovão", "price": 31000, "icon": "⛈️" },
        { "name": "Flor de Lótus", "price": 21000, "icon": "🌸" },
        { "name": "Chuva de Rosas", "price": 26000, "icon": "🌹" },
        { "name": "Show de Luzes", "price": 34000, "icon": "🎇" }
      ]
    },
    {
      "name": "Entrada",
      "gifts": [
        { "name": "Entrada de Carro de Luxo", "price": 1000, "icon": "🏎️" },
        { "name": "Entrada Fênix de Fogo", "price": 5000, "icon": "🔥" },
        { "name": "Entrada Dragão Místico", "price": 10000, "icon": "🐉" },
        { "name": "Tapete Mágico", "price": 12000, "icon": "🧞" },
        { "name": "Entrada de Moto Esportiva", "price": 2000, "icon": "🏍️" },
        { "name": "Chegada de Limousine", "price": 8000, "icon": "🚘" },
        { "name": "Pouso de Pégaso", "price": 15000, "icon": "🦄" },
        { "name": "Teletransporte", "price": 7000, "icon": "🌀" },
        { "name": "Surfando na Onda", "price": 6000, "icon": "🏄" },
        { "name": "Skate Voador", "price": 4000, "icon": "🛹" },
        { "name": "Chegada de Tanque", "price": 9000, "icon": "💣" },
        { "name": "Nuvem Voadora", "price": 3000, "icon": "☁️" },
        { "name": "Carruagem Real", "price": 11000, "icon": "👑" },
        { "name": "Chegada de Submarino", "price": 13000, "icon": "🌊" },
        { "name": "Trono Flutuante", "price": 18000, "icon": "✨" },
        { "name": "Jetpack", "price": 5500, "icon": "🚀" },
        { "name": "Aparição Fantasma", "price": 4500, "icon": "👻" },
        { "name": "Explosão de Flores", "price": 3500, "icon": "🌸" },
        { "name": "Caminho de Estrelas", "price": 6500, "icon": "⭐" }
      ]
    }
  ]
}
