{
  "gifts": [
    {
      "_id": {"$oid": ""},
      "name": "",
      "price": 0,
      "icon": "",
      "category": "",
      "triggersAutoFollow": false,
      "component": ""
    }
  ],
  "categories": [
    {
      "name": "Popular",
      "gifts": []
    },
    {
      "name": "Atividade",
      "gifts": []
    },
    {
      "name": "Luxo",
      "gifts": []
    },
    {
      "name": "VIP",
      "gifts": []
    },
    {
      "name": "Efeito",
      "gifts": []
    },
    {
      "name": "Entrada",
      "gifts": []
    }
  ]
}
