[{"_id":"ObjectId","usuarioId":"ObjectId","seguranca":{"protecaoAvatarAtiva":"Boolean"},"notificacoes":{"gerais":{"novasMensagens":"Boolean","inicioLiveStreamerSeguido":"Boolean","pessoaSeguidaPostouVideo":"Boolean"},"interativas":{"pedido":"Boolean","outrasInteracoes":"Boolean"},"configuracoesPushPersonalizadas":[{"alvoUsuarioId":"ObjectId","notificacaoAtiva":"Boolean"}]},"privacidade":{"perfilPublico":"Boolean","mostrarStatusOnline":"Boolean","listaDeBloqueio":["ObjectId"]},"contasConectadas":[{"provedor":"String","idUsuarioProvedor":"String","emailProvedor":"String"}],"ultimaAtualizacao":"ISODate"}]