[{"_id":{"$oid":"68d4b38c7a125a145d04f6d0"},"userId":"id_do_usuario_aqui","configuracoes":[{"nome":"Coração","icone":"❤️","preco":1,"notificacaoAtiva":true},{"nome":"Rosa","icone":"🌹","preco":5,"notificacaoAtiva":true},{"nome":"Batom","icone":"💄","preco":10,"notificacaoAtiva":true},{"nome":"Sorvete","icone":"🍦","preco":15,"notificacaoAtiva":true},{"nome":"Perfume","icone":"🧴","preco":25,"notificacaoAtiva":true},{"nome":"Alvo","icone":"🎯","preco":50,"notificacaoAtiva":true},{"nome":"Urso","icone":"🧸","preco":100,"notificacaoAtiva":true},{"nome":"Boia","icone":"🍩","preco":150,"notificacaoAtiva":true},{"nome":"Gema de Nível","icone":"💎","preco":200,"notificacaoAtiva":true},{"nome":"Coroa","icone":"👑","preco":300,"notificacaoAtiva":true},{"nome":"Foguete","icone":"🚀","preco":500,"notificacaoAtiva":true},{"nome":"Anel","icone":"💍","preco":750,"notificacaoAtiva":true},{"nome":"Carrão","icone":"🏎️","preco":0,"notificacaoAtiva":true},{"nome":"Castelo","icone":"🏰","preco":0,"notificacaoAtiva":true},{"nome":"Helicóptero","icone":"🚁","preco":0,"notificacaoAtiva":true},{"nome":"Iate","icone":"⭐","preco":0,"notificacaoAtiva":true},{"nome":"Diamante","icone":"💎","preco":0,"notificacaoAtiva":true},{"nome":"Túmulo","icone":"🪦","preco":0,"notificacaoAtiva":true}]}]