[{"_id":"04dccff55ce9-1758684385646","hostname":"04dccff55ce9","startTime":{"$date":"2025-09-24T03:26:25Z"},"startTimeLocal":"Wed Sep 24 03:26:25.646","cmdLine":{"net":{"bindIp":"127.0.0.1","port":27017,"tls":{"mode":"disabled"}},"processManagement":{"fork":true,"pidFilePath":"/tmp/docker-entrypoint-temp-mongod.pid"},"systemLog":{"destination":"file","logAppend":true,"path":"/proc/1/fd/1"}},"pid":28,"buildinfo":{"version":"6.0.26","gitVersion":"0c4ec4b6005f75582ce208fc800f09f561b6c2e8","modules":[],"allocator":"tcmalloc","javascriptEngine":"mozjs","sysInfo":"deprecated","versionArray":[6,0,26,0],"openssl":{"running":"OpenSSL 3.0.2 15 Mar 2022","compiled":"OpenSSL 3.0.2 15 Mar 2022"},"buildEnvironment":{"distmod":"ubuntu2204","distarch":"x86_64","cc":"/opt/mongodbtoolchain/v3/bin/gcc: gcc (GCC) 8.5.0","ccflags":"-Werror -include mongo/platform/basic.h -ffp-contract=off -fasynchronous-unwind-tables -ggdb -Wall -Wsign-compare -Wno-unknown-pragmas -Winvalid-pch -fno-omit-frame-pointer -fno-strict-aliasing -O2 -march=sandybridge -mtune=generic -mprefer-vector-width=128 -Wno-unused-local-typedefs -Wno-unused-function -Wno-deprecated-declarations -Wno-unused-const-variable -Wno-unused-but-set-variable -Wno-missing-braces -fstack-protector-strong -fdebug-types-section -Wa,--nocompress-debug-sections -fno-builtin-memcmp","cxx":"/opt/mongodbtoolchain/v3/bin/g++: g++ (GCC) 8.5.0","cxxflags":"-Woverloaded-virtual -Wno-maybe-uninitialized -fsized-deallocation -std=c++17","linkflags":"-Wl,--fatal-warnings -pthread -Wl,-z,now -fuse-ld=gold -fstack-protector-strong -fdebug-types-section -Wl,--no-threads -Wl,--build-id -Wl,--hash-style=gnu -Wl,-z,noexecstack -Wl,--warn-execstack -Wl,-z,relro -Wl,--compress-debug-sections=none -Wl,-z,origin -Wl,--enable-new-dtags","target_arch":"x86_64","target_os":"linux","cppdefines":"SAFEINT_USE_INTRINSICS 0 PCRE_STATIC NDEBUG _XOPEN_SOURCE 700 _GNU_SOURCE _FORTIFY_SOURCE 2 BOOST_THREAD_VERSION 5 BOOST_THREAD_USES_DATETIME BOOST_SYSTEM_NO_DEPRECATED BOOST_MATH_NO_LONG_DOUBLE_MATH_FUNCTIONS BOOST_ENABLE_ASSERT_DEBUG_HANDLER BOOST_LOG_NO_SHORTHAND_NAMES BOOST_LOG_USE_NATIVE_SYSLOG BOOST_LOG_WITHOUT_THREAD_ATTR ABSL_FORCE_ALIGNED_ACCESS"},"bits":64,"debug":false,"maxBsonObjectSize":16777216,"storageEngines":["devnull","ephemeralForTest","wiredTiger"]}},{"_id":"04dccff55ce9-1758684392976","hostname":"04dccff55ce9","startTime":{"$date":"2025-09-24T03:26:32Z"},"startTimeLocal":"Wed Sep 24 03:26:32.976","cmdLine":{"net":{"bindIp":"*"},"security":{"authorization":"enabled"}},"pid":1,"buildinfo":{"version":"6.0.26","gitVersion":"0c4ec4b6005f75582ce208fc800f09f561b6c2e8","modules":[],"allocator":"tcmalloc","javascriptEngine":"mozjs","sysInfo":"deprecated","versionArray":[6,0,26,0],"openssl":{"running":"OpenSSL 3.0.2 15 Mar 2022","compiled":"OpenSSL 3.0.2 15 Mar 2022"},"buildEnvironment":{"distmod":"ubuntu2204","distarch":"x86_64","cc":"/opt/mongodbtoolchain/v3/bin/gcc: gcc (GCC) 8.5.0","ccflags":"-Werror -include mongo/platform/basic.h -ffp-contract=off -fasynchronous-unwind-tables -ggdb -Wall -Wsign-compare -Wno-unknown-pragmas -Winvalid-pch -fno-omit-frame-pointer -fno-strict-aliasing -O2 -march=sandybridge -mtune=generic -mprefer-vector-width=128 -Wno-unused-local-typedefs -Wno-unused-function -Wno-deprecated-declarations -Wno-unused-const-variable -Wno-unused-but-set-variable -Wno-missing-braces -fstack-protector-strong -fdebug-types-section -Wa,--nocompress-debug-sections -fno-builtin-memcmp","cxx":"/opt/mongodbtoolchain/v3/bin/g++: g++ (GCC) 8.5.0","cxxflags":"-Woverloaded-virtual -Wno-maybe-uninitialized -fsized-deallocation -std=c++17","linkflags":"-Wl,--fatal-warnings -pthread -Wl,-z,now -fuse-ld=gold -fstack-protector-strong -fdebug-types-section -Wl,--no-threads -Wl,--build-id -Wl,--hash-style=gnu -Wl,-z,noexecstack -Wl,--warn-execstack -Wl,-z,relro -Wl,--compress-debug-sections=none -Wl,-z,origin -Wl,--enable-new-dtags","target_arch":"x86_64","target_os":"linux","cppdefines":"SAFEINT_USE_INTRINSICS 0 PCRE_STATIC NDEBUG _XOPEN_SOURCE 700 _GNU_SOURCE _FORTIFY_SOURCE 2 BOOST_THREAD_VERSION 5 BOOST_THREAD_USES_DATETIME BOOST_SYSTEM_NO_DEPRECATED BOOST_MATH_NO_LONG_DOUBLE_MATH_FUNCTIONS BOOST_ENABLE_ASSERT_DEBUG_HANDLER BOOST_LOG_NO_SHORTHAND_NAMES BOOST_LOG_USE_NATIVE_SYSLOG BOOST_LOG_WITHOUT_THREAD_ATTR ABSL_FORCE_ALIGNED_ACCESS"},"bits":64,"debug":false,"maxBsonObjectSize":16777216,"storageEngines":["devnull","ephemeralForTest","wiredTiger"]}},{"_id":"63fa1d58a090-1758685881399","hostname":"63fa1d58a090","startTime":{"$date":"2025-09-24T03:51:21Z"},"startTimeLocal":"Wed Sep 24 03:51:21.399","cmdLine":{"net":{"bindIp":"*"},"security":{"authorization":"enabled"}},"pid":1,"buildinfo":{"version":"6.0.26","gitVersion":"0c4ec4b6005f75582ce208fc800f09f561b6c2e8","modules":[],"allocator":"tcmalloc","javascriptEngine":"mozjs","sysInfo":"deprecated","versionArray":[6,0,26,0],"openssl":{"running":"OpenSSL 3.0.2 15 Mar 2022","compiled":"OpenSSL 3.0.2 15 Mar 2022"},"buildEnvironment":{"distmod":"ubuntu2204","distarch":"x86_64","cc":"/opt/mongodbtoolchain/v3/bin/gcc: gcc (GCC) 8.5.0","ccflags":"-Werror -include mongo/platform/basic.h -ffp-contract=off -fasynchronous-unwind-tables -ggdb -Wall -Wsign-compare -Wno-unknown-pragmas -Winvalid-pch -fno-omit-frame-pointer -fno-strict-aliasing -O2 -march=sandybridge -mtune=generic -mprefer-vector-width=128 -Wno-unused-local-typedefs -Wno-unused-function -Wno-deprecated-declarations -Wno-unused-const-variable -Wno-unused-but-set-variable -Wno-missing-braces -fstack-protector-strong -fdebug-types-section -Wa,--nocompress-debug-sections -fno-builtin-memcmp","cxx":"/opt/mongodbtoolchain/v3/bin/g++: g++ (GCC) 8.5.0","cxxflags":"-Woverloaded-virtual -Wno-maybe-uninitialized -fsized-deallocation -std=c++17","linkflags":"-Wl,--fatal-warnings -pthread -Wl,-z,now -fuse-ld=gold -fstack-protector-strong -fdebug-types-section -Wl,--no-threads -Wl,--build-id -Wl,--hash-style=gnu -Wl,-z,noexecstack -Wl,--warn-execstack -Wl,-z,relro -Wl,--compress-debug-sections=none -Wl,-z,origin -Wl,--enable-new-dtags","target_arch":"x86_64","target_os":"linux","cppdefines":"SAFEINT_USE_INTRINSICS 0 PCRE_STATIC NDEBUG _XOPEN_SOURCE 700 _GNU_SOURCE _FORTIFY_SOURCE 2 BOOST_THREAD_VERSION 5 BOOST_THREAD_USES_DATETIME BOOST_SYSTEM_NO_DEPRECATED BOOST_MATH_NO_LONG_DOUBLE_MATH_FUNCTIONS BOOST_ENABLE_ASSERT_DEBUG_HANDLER BOOST_LOG_NO_SHORTHAND_NAMES BOOST_LOG_USE_NATIVE_SYSLOG BOOST_LOG_WITHOUT_THREAD_ATTR ABSL_FORCE_ALIGNED_ACCESS"},"bits":64,"debug":false,"maxBsonObjectSize":16777216,"storageEngines":["devnull","ephemeralForTest","wiredTiger"]}},{"_id":"63fa1d58a090-1758690139199","hostname":"63fa1d58a090","startTime":{"$date":"2025-09-24T05:02:19Z"},"startTimeLocal":"Wed Sep 24 05:02:19.199","cmdLine":{"net":{"bindIp":"*"},"security":{"authorization":"enabled"}},"pid":1,"buildinfo":{"version":"6.0.26","gitVersion":"0c4ec4b6005f75582ce208fc800f09f561b6c2e8","modules":[],"allocator":"tcmalloc","javascriptEngine":"mozjs","sysInfo":"deprecated","versionArray":[6,0,26,0],"openssl":{"running":"OpenSSL 3.0.2 15 Mar 2022","compiled":"OpenSSL 3.0.2 15 Mar 2022"},"buildEnvironment":{"distmod":"ubuntu2204","distarch":"x86_64","cc":"/opt/mongodbtoolchain/v3/bin/gcc: gcc (GCC) 8.5.0","ccflags":"-Werror -include mongo/platform/basic.h -ffp-contract=off -fasynchronous-unwind-tables -ggdb -Wall -Wsign-compare -Wno-unknown-pragmas -Winvalid-pch -fno-omit-frame-pointer -fno-strict-aliasing -O2 -march=sandybridge -mtune=generic -mprefer-vector-width=128 -Wno-unused-local-typedefs -Wno-unused-function -Wno-deprecated-declarations -Wno-unused-const-variable -Wno-unused-but-set-variable -Wno-missing-braces -fstack-protector-strong -fdebug-types-section -Wa,--nocompress-debug-sections -fno-builtin-memcmp","cxx":"/opt/mongodbtoolchain/v3/bin/g++: g++ (GCC) 8.5.0","cxxflags":"-Woverloaded-virtual -Wno-maybe-uninitialized -fsized-deallocation -std=c++17","linkflags":"-Wl,--fatal-warnings -pthread -Wl,-z,now -fuse-ld=gold -fstack-protector-strong -fdebug-types-section -Wl,--no-threads -Wl,--build-id -Wl,--hash-style=gnu -Wl,-z,noexecstack -Wl,--warn-execstack -Wl,-z,relro -Wl,--compress-debug-sections=none -Wl,-z,origin -Wl,--enable-new-dtags","target_arch":"x86_64","target_os":"linux","cppdefines":"SAFEINT_USE_INTRINSICS 0 PCRE_STATIC NDEBUG _XOPEN_SOURCE 700 _GNU_SOURCE _FORTIFY_SOURCE 2 BOOST_THREAD_VERSION 5 BOOST_THREAD_USES_DATETIME BOOST_SYSTEM_NO_DEPRECATED BOOST_MATH_NO_LONG_DOUBLE_MATH_FUNCTIONS BOOST_ENABLE_ASSERT_DEBUG_HANDLER BOOST_LOG_NO_SHORTHAND_NAMES BOOST_LOG_USE_NATIVE_SYSLOG BOOST_LOG_WITHOUT_THREAD_ATTR ABSL_FORCE_ALIGNED_ACCESS"},"bits":64,"debug":false,"maxBsonObjectSize":16777216,"storageEngines":["devnull","ephemeralForTest","wiredTiger"]}},{"_id":"63fa1d58a090-1758690580016","hostname":"63fa1d58a090","startTime":{"$date":"2025-09-24T05:09:40Z"},"startTimeLocal":"Wed Sep 24 05:09:40.016","cmdLine":{"net":{"bindIp":"*"},"security":{"authorization":"enabled"}},"pid":1,"buildinfo":{"version":"6.0.26","gitVersion":"0c4ec4b6005f75582ce208fc800f09f561b6c2e8","modules":[],"allocator":"tcmalloc","javascriptEngine":"mozjs","sysInfo":"deprecated","versionArray":[6,0,26,0],"openssl":{"running":"OpenSSL 3.0.2 15 Mar 2022","compiled":"OpenSSL 3.0.2 15 Mar 2022"},"buildEnvironment":{"distmod":"ubuntu2204","distarch":"x86_64","cc":"/opt/mongodbtoolchain/v3/bin/gcc: gcc (GCC) 8.5.0","ccflags":"-Werror -include mongo/platform/basic.h -ffp-contract=off -fasynchronous-unwind-tables -ggdb -Wall -Wsign-compare -Wno-unknown-pragmas -Winvalid-pch -fno-omit-frame-pointer -fno-strict-aliasing -O2 -march=sandybridge -mtune=generic -mprefer-vector-width=128 -Wno-unused-local-typedefs -Wno-unused-function -Wno-deprecated-declarations -Wno-unused-const-variable -Wno-unused-but-set-variable -Wno-missing-braces -fstack-protector-strong -fdebug-types-section -Wa,--nocompress-debug-sections -fno-builtin-memcmp","cxx":"/opt/mongodbtoolchain/v3/bin/g++: g++ (GCC) 8.5.0","cxxflags":"-Woverloaded-virtual -Wno-maybe-uninitialized -fsized-deallocation -std=c++17","linkflags":"-Wl,--fatal-warnings -pthread -Wl,-z,now -fuse-ld=gold -fstack-protector-strong -fdebug-types-section -Wl,--no-threads -Wl,--build-id -Wl,--hash-style=gnu -Wl,-z,noexecstack -Wl,--warn-execstack -Wl,-z,relro -Wl,--compress-debug-sections=none -Wl,-z,origin -Wl,--enable-new-dtags","target_arch":"x86_64","target_os":"linux","cppdefines":"SAFEINT_USE_INTRINSICS 0 PCRE_STATIC NDEBUG _XOPEN_SOURCE 700 _GNU_SOURCE _FORTIFY_SOURCE 2 BOOST_THREAD_VERSION 5 BOOST_THREAD_USES_DATETIME BOOST_SYSTEM_NO_DEPRECATED BOOST_MATH_NO_LONG_DOUBLE_MATH_FUNCTIONS BOOST_ENABLE_ASSERT_DEBUG_HANDLER BOOST_LOG_NO_SHORTHAND_NAMES BOOST_LOG_USE_NATIVE_SYSLOG BOOST_LOG_WITHOUT_THREAD_ATTR ABSL_FORCE_ALIGNED_ACCESS"},"bits":64,"debug":false,"maxBsonObjectSize":16777216,"storageEngines":["devnull","ephemeralForTest","wiredTiger"]}}]