[{"_id":"ObjectId","userId":"ObjectId","streamNumber":"Number","title":"String","description":"String","thumbnailUrl":"String","streamConfig":{"rtmp":{"url":"String"},"webrtc":{"server":"String","room":"String"}},"playback":{"rtmp":"String","hls":"String","webrtc":"String"},"isLive":"Boolean","viewers":"Number","espectadores":["ObjectId"],"participantes":[{"usuarioId":"ObjectId","funcao":"String"}],"statusDaLive":{"emBatalha":"Boolean","microfoneAtivo":"Boolean","clarezaAtiva":"Boolean","modoProtegido":"Boolean"},"configuracoesDeEfeitos":{"embelezar":"Number","efeitoSonoro":"String"},"category":"String","tags":["String"],"startTime":"ISODate","updatedAt":"ISODate"}]