[{"_id":"ObjectId","identificacaoPublica":"Number","nomeDeUsuario":"String","nomeDeExibicao":"String","email":"String","senhaHash":"String","perfil":{"bio":"String","fotoUrl":"String","bannerUrl":"String","genero":"String","dataNascimento":"ISODate"},"localizacao":{"pais":"String","cidade":"String","coordenadas":{"type":"Point","coordinates":["Number","Number"]}},"niveis":{"nivel_1":"Number","nivel_2":"Number"},"estatisticas":{"fas":"Number","seguindo":"Number","receptores":"Number","enviados":"Number"},"status":{"isOnline":"Boolean","isLive":"Boolean","ultimoLogin":"ISODate"},"configuracoes":{"regiaoPreferida":"String","privacidade":"String"},"criadoEm":"ISODate"}]